,State,VEP_Counted,VEP,Minor,Cast,VAP,Democrat,Republican,Year,Counted,Type,Treatment,White,Black,Hispanic,American Indian/Alaska Native,Asian,Native Hawaiian/Other Pacific Islander,Two Or More Races,Total,Footnotes,OtherRace,treatment
0,Iowa,16.1,"2,196,724",,"354,696","2,284,730","236,000","118,696",2008,,Caucus,,2609000.0,77500.0,118700.0,4300.0,43700.0,,39000.0,2894000.0,,,0
2,New Hampshire,53.6,"988,708",,"529,711","1,021,849","288,672","241,039",2008,,Primary,,1185300.0,8000.0,37700.0,,26100.0,,15600.0,1275300.0,,,0
3,Michigan,20.0,"7,304,120",,"1,463,567","7,627,954","594,398","869,169",2008,,Primary,,7594800.0,1317400.0,396100.0,45900.0,217500.0,2400.0,190400.0,9764400.0,,,0
4,Nevada,9.7,"1,669,337",,"161,874","1,931,679","117,559","44,315",2008,,Caucus,,1447500.0,181000.0,664100.0,28400.0,153500.0,10900.0,71400.0,2556800.0,,,0
6,South Carolina,30.3,"3,230,163",,"977,650","3,380,941","532,151",,2008,,Primary,,2819300.0,1205500.0,167900.0,9600.0,45400.0,,69400.0,4318400.0,,,0
7,Florida,34.0,"12,553,134",,"4,268,602","14,299,134","1,749,920","1,949,498",2008,,Primary,,10772300.0,2598100.0,3771200.0,35500.0,410100.0,6300.0,280600.0,17874300.0,,,0
9,Alabama,32.2,"3,379,070",,"1,088,835","3,523,994","536,626","552,209",2008,,Primary,,3108700.0,1169700.0,124800.0,22200.0,43900.0,,56600.0,4526900.0,,,0
10,Alaska,5.0,"475,224",,"23,621","505,524","8,621","15,000",2008,,Caucus,,433100.0,18700.0,34600.0,86900.0,30400.0,5600.0,45300.0,654700.0,,,0
11,Arizona,24.2,"4,121,551",,"998,393","4,744,180","456,626","541,767",2008,,Primary,,3704300.0,214500.0,1922100.0,261200.0,148600.0,6300.0,106000.0,6363000.0,,,0
12,Arkansas,26.8,"2,029,675",838,"544,170","2,146,616","315,839","229,882",2008,,Primary,,2096900.0,422400.0,152500.0,15900.0,29100.0,1800.0,51200.0,2769700.0,,,0
13,California,40.0,"22,726,155","105,168","9,086,415","27,356,412","5,066,992","2,932,812",2008,,Primary,,15080500.0,2071300.0,13174300.0,150200.0,4396000.0,122600.0,887200.0,35882000.0,,,0
14,Colorado,5.4,"3,412,102",,"185,401","3,713,368","120,001","65,400",2008,,Caucus,1.0,3422900.0,160700.0,967900.0,30400.0,126000.0,4500.0,104400.0,4816700.0,,,1
15,Connecticut,20.5,"2,467,974",,"507,166","2,689,915","355,561","151,605",2008,,Primary,,2498400.0,298400.0,410400.0,6000.0,113300.0,,56400.0,3383800.0,,,0
16,Delaware,23.8,"616,724",,"146,578","665,181","96,341","50,237",2008,,Primary,,571900.0,168500.0,60800.0,2800.0,24200.0,,16100.0,844200.0,,,0
17,Georgia,32.0,"6,329,221",,"2,024,392","7,098,566","1,060,851","963,541",2008,,Primary,,5466500.0,2726500.0,761300.0,15000.0,267000.0,,136800.0,9376400.0,,,0
19,Illinois,33.8,"8,832,544","2,672","2,986,982","9,699,779","2,038,614","899,422",2008,,Primary,,8094900.0,1775900.0,1931100.0,13500.0,549700.0,,189600.0,12556000.0,,,0
21,Massachusetts,38.2,"4,624,671","2,445","1,768,206","5,033,718","1,263,764","501,997",2008,,Primary,,4932400.0,350600.0,536700.0,9800.0,302800.0,,132300.0,6265100.0,,,0
22,Minnesota,7.4,"3,724,120",269,"277,163","3,962,872","214,066","62,828",2008,,Caucus,1.0,4326700.0,233700.0,212800.0,50000.0,176900.0,,84100.0,5084500.0,,,1
23,Missouri,33.0,"4,297,028","2,057","1,415,951","4,477,478","825,050","588,844",2008,,Primary,,4729200.0,618900.0,175800.0,18100.0,80300.0,,102300.0,5728200.0,,,0
25,New Jersey,29.2,"5,850,338",,"1,707,400","6,642,923","1,141,199","566,201",2008,,Primary,,5240200.0,1085700.0,1399200.0,10200.0,633500.0,,125100.0,8494600.0,,,0
27,New York,19.5,"13,166,835",,"2,561,221","14,924,774","1,891,143","670,078",2008,,Primary,,11360200.0,2748600.0,3154900.0,50500.0,1299800.0,6100.0,323800.0,18944000.0,,,0
28,North Dakota,5.9,"489,003",,"28,887","498,641","19,102","9,785",2008,,Caucus,,550200.0,4200.0,12600.0,33000.0,,,6900.0,610300.0,,,0
29,Oklahoma,29.1,"2,584,090",,"752,261","2,735,269","417,207","335,054",2008,,Primary,,2507300.0,238200.0,267200.0,214200.0,59200.0,3800.0,219000.0,3508800.0,,,0
30,Tennessee,26.1,"4,522,727",,"1,178,579","4,727,718","624,764","553,815",2008,,Primary,,4662800.0,970400.0,228400.0,13600.0,77300.0,,89100.0,6045200.0,,,0
31,Utah,24.7,"1,731,819",,"428,459","1,855,254","131,403","296,061",2008,,Primary,,2202100.0,25800.0,317800.0,24900.0,51600.0,21500.0,43000.0,2686800.0,,,0
33,Kansas,2.9,"1,971,844",,"56,521","2,090,119",,"19,432",2008,,Caucus,,2172500.0,140800.0,259600.0,15900.0,56000.0,,55200.0,2701400.0,,,1
34,Louisiana,17.7,"3,083,603",,"545,515","3,235,413","384,346","161,169",2008,,Primary,,2658000.0,1335400.0,146100.0,21300.0,62200.0,,50200.0,4273800.0,,,0
37,Maine,4.9,"1,023,959",,"50,008","1,041,335","44,670",,2008,,Caucus,,1215200.0,9700.0,12000.0,6100.0,9200.0,,21500.0,1274100.0,,,1
38,District of Columbia,30.1,"435,511",530,"131,103","476,698","123,994","6,211",2008,,Primary,,176700.0,301800.0,48800.0,1700.0,17600.0,,11600.0,558900.0,,,0
39,Maryland,31.5,"3,887,403",,"1,224,318","4,274,714","878,174","320,989",2008,,Primary,,3143000.0,1555700.0,365200.0,11400.0,276100.0,,117700.0,5470000.0,,,0
40,Virginia,26.9,"5,487,966",,"1,475,455","5,924,917","986,203","489,252",2008,,Primary,,4973600.0,1413300.0,504200.0,17700.0,361600.0,3900.0,144200.0,7418400.0,,,0
42,Washington ,30.6,"4,525,823",,"1,386,701","4,980,527","691,381","529,932",2008,,Primary,,,,,,,,,,,,0
43,Wisconsin,37.1,"4,105,710",,"1,524,360","4,300,601","1,113,753","410,607",2008,,Primary,,4658700.0,295500.0,277500.0,37000.0,117700.0,,80500.0,5467500.0,,,0
44,Ohio,42.4,"8,502,366",,"3,603,523","8,732,630","2,354,721","1,095,917",2008,,Primary,,9210900.0,1276300.0,285400.0,19500.0,176500.0,,188100.0,11157500.0,,,0
45,Rhode Island,28.4,"759,793",,"215,868","824,580","186,657","27,237",2008,,Primary,,793100.0,47200.0,115500.0,3200.0,29100.0,,21000.0,1009400.0,,,0
46,Texas,28.4,"14,942,119",,"4,237,308","17,523,049","2,874,986","1,362,322",2008,,Primary,,11213000.0,2591500.0,8626100.0,68800.0,819300.0,16000.0,308200.0,23643000.0,,,0
47,Vermont,40.7,"483,489",462,"196,715","491,902","155,279","40,120",2008,,Primary,,569600.0,3400.0,6200.0,,,,13100.0,599100.0,,,0
48,Wyoming,2.6,"388,310",,"9,953","402,586","8,753",,2008,,Caucus,,446500.0,4500.0,41600.0,8900.0,2900.0,,11700.0,516100.0,,,0
49,Mississippi,27.5,"2,097,253",,"577,438","2,160,244","434,110","143,286",2008,,Primary,,1661000.0,1054600.0,51400.0,11800.0,22400.0,,25100.0,2826800.0,,,0
50,Pennsylvania,34.0,"9,360,067",,"3,183,134","9,683,978","2,354,005","829,129",2008,,Primary,,9799700.0,1176300.0,566700.0,13100.0,286700.0,,157100.0,12002700.0,,,0
51,Indiana,37.3,"4,623,736",,"1,725,951","4,792,223","1,278,355","412,684",2008,,Primary,,5143900.0,515100.0,314100.0,12900.0,82900.0,,101900.0,6172900.0,,,0
52,North Carolina,32.8,"6,488,268",,"2,125,215","6,957,520","1,580,726","517,583",2008,,Primary,,5975700.0,1853900.0,657500.0,87100.0,166600.0,2700.0,142700.0,8886300.0,,,0
53,Nebraska ,20.5,"1,270,460",152,"260,150","1,336,555","94,535","136,648",2008,,Primary,,,,,,,,,,,,0
54,West Virginia,32.5,"1,408,281",,"457,382","1,428,326","456,282",,2008,,Primary,,1654600.0,55000.0,20100.0,2400.0,8100.0,,24700.0,1765200.0,,,0
55,Kentucky,29.2,"3,156,075",,"922,456","3,267,951","701,768","197,793",2008,,Primary,,3649900.0,296600.0,95900.0,5100.0,40600.0,,54800.0,4143600.0,,,0
56,Oregon,43.2,"2,711,305",,"1,170,526","2,927,075","641,499","353,476",2008,,Primary,,2963100.0,63000.0,408300.0,34800.0,124100.0,8400.0,110200.0,3711900.0,,,0
57,Idaho ,17.7,"1,033,390",,"182,627","1,114,053","42,802","168,372",2008,,Primary,,,,,,,,,,,,0
58,Montana,38.7,"737,733",,"285,215","747,985","273,793","95,730",2008,,Primary,,824400.0,2900.0,29600.0,58000.0,4800.0,,18300.0,938500.0,,,0
59,New Mexico,19.3,"1,371,818",,"264,238","1,492,570",,"110,939",2008,,Primary,,803100.0,36000.0,876200.0,162700.0,24700.0,,30800.0,1934000.0,,,0
60,South Dakota,28.4,"593,121",,"168,340","605,821","97,797","60,964",2008,,Primary,,662700.0,6700.0,21300.0,59300.0,5000.0,,14900.0,769900.0,,,0
61,Iowa,6.5,"2,250,423",,"146,354","2,347,573","25,000","121,354",2012,,Caucus,,2622600.0,84300.0,156000.0,4200.0,53500.0,2500.0,52900.0,2976000.0,,,0
62,New Hampshire,31.1,"1,001,914",,"311,311","1,034,045","61,777","249,534",2012,,Primary,,1176100.0,13500.0,38600.0,3200.0,27900.0,,20900.0,1280100.0,,,0
63,South Carolina ,17.6,"3,434,551",,"605,623","3,621,841",,"603,770",2012,,Primary,,,,,,,,,,,,0
65,Florida,12.8,"13,088,171",,"1,676,176","15,094,059",,"1,676,176",2012,,Primary,,10737900.0,2856600.0,4413400.0,39500.0,473900.0,10000.0,345600.0,18876900.0,,,0
66,Nevada,1.9,"1,772,116",,"32,894","2,065,822",,"32,894",2012,,Caucus,,1434800.0,210500.0,741300.0,23800.0,202800.0,18100.0,79600.0,2710900.0,,,0
67,Maine,0.6,"1,036,235",,"5,814","1,053,285",,"5,814",2012,,Caucus,,1218200.0,10300.0,18900.0,8200.0,12300.0,,24700.0,1292600.0,,,1
68,Colorado,1.8,"3,603,764",,"66,027","3,926,310",,"66,027",2012,,Caucus,1.0,3517600.0,188200.0,1057400.0,26100.0,144000.0,4900.0,107600.0,5045900.0,,,1
69,Minnesota,1.3,"3,837,237",,"48,916","4,075,214",,"48,916",2012,,Caucus,1.0,4332800.0,269200.0,257500.0,52800.0,220800.0,,119400.0,5256300.0,,,1
70,Missouri ,7.4,"4,415,112","1,365","326,438","4,629,154","72,888","252,185",2012,,Primary,,,,,,,,,,,,0
71,Arizona,11.9,"4,298,024",573,"511,812","4,895,942",,"511,239",2012,,Primary,,3651000.0,247400.0,1920600.0,253800.0,185200.0,8400.0,120000.0,6386300.0,,,0
72,Michigan,16.5,"7,241,314",,"1,191,386","7,547,125","194,887","996,499",2012,,Primary,,7383900.0,1330200.0,441400.0,44800.0,231000.0,,226800.0,9659300.0,,,0
73,Washington,1.1,"4,804,839",,"50,764","5,274,878",,"50,764",2012,,Caucus,,4827200.0,231100.0,787000.0,77900.0,487500.0,37300.0,285000.0,6732900.0,,,1
74,Alaska,2.8,"507,496",,"14,135","545,692",,"14,135",2012,,Caucus,,446300.0,23600.0,40300.0,100000.0,42000.0,6800.0,47200.0,706200.0,,,0
75,Georgia,15.8,"6,570,595",,"1,038,824","7,376,260","139,273","901,470",2012,,Primary,,5320600.0,2897000.0,880600.0,17400.0,325300.0,,173800.0,9616400.0,,,0
76,Idaho,4.1,"1,091,171",,"44,672","1,165,366",,"44,672",2012,,Caucus,1.0,1305400.0,6100.0,180000.0,14500.0,18900.0,,36200.0,1562500.0,,,1
77,Massachusetts,11.2,"4,720,547","1,554","529,542","5,207,006","157,563","370,425",2012,,Primary,,4830400.0,405100.0,650300.0,8000.0,369400.0,,146100.0,6410600.0,,,0
78,Minnesota,0.5,"3,839,640",,,"4,077,730","17,376",,2012,,Caucus,1.0,4332800.0,269200.0,257500.0,52800.0,220800.0,,119400.0,5256300.0,,,1
79,North Dakota,2.2,"524,296",,"11,349","534,626",,"11,349",2012,,Caucus,,593700.0,10800.0,14700.0,34200.0,7200.0,,8700.0,671900.0,,,0
80,Ohio,20.4,"8,593,587",,"1,755,965","8,854,904","542,086","1,213,879",2012,,Primary,,9073800.0,1333600.0,359300.0,19500.0,190000.0,3700.0,242100.0,11222100.0,,,0
81,Oklahoma,14.7,"2,723,104",,"399,294","2,895,300","112,771","286,523",2012,,Primary,,2510800.0,253500.0,346000.0,272100.0,65800.0,3200.0,238000.0,3689500.0,,,0
82,Tennessee,13.4,"4,682,042",,"627,228","4,939,973","79,577","547,561",2012,,Primary,,4728400.0,1037000.0,298900.0,11900.0,92000.0,2600.0,106800.0,6277400.0,,,0
83,Vermont,21.1,"489,108",,"103,264","498,432","40,992","60,850",2012,,Primary,,566700.0,5600.0,8300.0,,9100.0,,9000.0,600700.0,,,0
84,Virginia,4.6,"5,763,308",,"265,570","6,316,136",,"265,570",2012,,Primary,,5047300.0,1470000.0,658500.0,14500.0,463400.0,4000.0,207900.0,7865500.0,,,0
85,Wyoming,0.3,"420,205",,"1,308","433,545",,"1,308",2012,,Caucus,,474000.0,4300.0,53100.0,9300.0,5200.0,,13000.0,559000.0,,,0
87,Kansas,1.5,"2,041,139",,"29,857","2,170,270",,"29,857",2012,,Caucus,,2167400.0,152100.0,306900.0,23900.0,66700.0,,69500.0,2787500.0,,,1
89,Alabama,24.8,"3,506,778",,"871,025","3,701,519","205,767","621,916",2012,,Primary,,3145700.0,1220200.0,179400.0,23800.0,56700.0,,69100.0,4696000.0,,,0
90,Hawaii,1.0,"978,968",,"10,228","1,084,589",,"10,228",2012,,Caucus,,288800.0,16500.0,123200.0,2300.0,516200.0,125600.0,257700.0,1330300.0,,,1
91,Mississippi,18.2,"2,153,040",,"289,935","2,241,703","97,304","293,787",2012,,Primary,,1669200.0,1082700.0,68500.0,11500.0,22500.0,,29600.0,2884500.0,,,0
94,Illinois,17.9,"8,853,948",,"929,031","9,817,603","652,717","933,454",2012,,Primary,,7915300.0,1750100.0,2067800.0,12500.0,590500.0,,227400.0,12567900.0,,,0
95,Louisiana,10.2,"3,304,711",,"337,011","3,499,821","150,601","186,410",2012,,Primary,,2678500.0,1414000.0,199900.0,20200.0,71400.0,,71400.0,4457000.0,,,0
96,District of Columbia,13.7,"470,976",379,"64,349","519,004","58,714","5,256",2012,,Primary,,207600.0,293900.0,61500.0,1600.0,20000.0,,11400.0,596000.0,,,0
97,Maryland,14.7,"4,062,518",,"596,723","4,521,084","326,470","248,468",2012,,Primary,,3084300.0,1637300.0,498100.0,12700.0,330600.0,,156900.0,5722700.0,,,0
98,Wisconsin,25.9,"4,202,090",,"1,088,102","4,393,518","300,255","787,847",2012,,Primary,,4625000.0,322100.0,343400.0,46400.0,135700.0,,93100.0,5566100.0,,,0
105,Connecticut,2.3,"2,528,416",,"59,639","2,787,114",,"59,639",2012,,Primary,,2440900.0,327200.0,495900.0,5300.0,141500.0,,65900.0,3479300.0,,,0
106,Delaware,4.3,"658,884",,"28,592","705,473",,"28,592",2012,,Primary,,572800.0,181900.0,77200.0,2000.0,29600.0,,24300.0,888000.0,,,0
107,New York,1.4,"13,211,191",,,"15,214,317",,"190,515",2012,,Primary,,10922400.0,2719700.0,3476600.0,42600.0,1456800.0,,413700.0,19040100.0,,,0
108,Pennsylvania,14.8,"9,624,165",,"1,424,217","10,007,504","616,102","808,115",2012,,Primary,,9760800.0,1262300.0,750700.0,13000.0,349500.0,,209400.0,12347600.0,,,0
109,Rhode Island,3.0,"765,324",,"22,670","833,091","8,106","14,564",2012,,Primary,,759200.0,48300.0,135700.0,2700.0,30800.0,,31100.0,1007900.0,,,0
110,Indiana,20.2,"4,748,647",,"957,510","4,945,762","221,446","635,589",2012,,Primary,,5142300.0,561600.0,399200.0,11500.0,101900.0,,119700.0,6338800.0,,,0
111,North Carolina,31.5,"6,923,832","7,692","2,182,675","7,457,823","966,887","973,206",2012,,Primary,,6107600.0,1992500.0,818900.0,98300.0,219500.0,6400.0,196000.0,9439200.0,,,0
112,West Virginia,20.2,"1,453,549",,"293,519","1,479,209","179,908","112,416",2012,,Primary,,1680700.0,55200.0,21500.0,,11100.0,,31100.0,1801800.0,,,0
114,Nebraska,18.7,"1,331,291",175,"249,458","1,398,670","63,881","185,402",2012,,Primary,,1463200.0,80500.0,173800.0,13400.0,35500.0,,26900.0,1795100.0,,,1
115,Oregon,21.9,"2,802,257",,"614,311","3,028,846","326,356","287,955",2012,,Primary,,2975500.0,62700.0,464200.0,39800.0,144200.0,15300.0,123800.0,3825500.0,,,0
116,Arkansas,15.9,"2,114,416",,"335,885","2,252,326","162,647","152,360",2012,,Primary,,2122600.0,438300.0,192100.0,13700.0,35800.0,5000.0,52800.0,2860200.0,,,0
117,Kentucky,12.8,"3,242,289",,"415,337","3,378,854","206,218","176,160",2012,,Primary,,3653900.0,322500.0,127100.0,5900.0,53900.0,,69600.0,4235100.0,,,0
118,Texas,12.8,"15,915,758",,"2,039,641","18,989,257","590,164","1,449,477",2012,,Primary,,11265800.0,2874000.0,9756900.0,58600.0,1027500.0,16300.0,385300.0,25384300.0,,,0
119,California,22.9,"23,265,447","79,488","5,328,296","28,631,583","2,076,309","1,924,970",2012,,Primary,,14578700.0,2046600.0,14271100.0,139300.0,4969400.0,125200.0,1091100.0,37221500.0,,,0
120,Montana,31.1,"767,519",,"238,771","778,794","88,202","140,457",2012,,Primary,,853800.0,,29600.0,66000.0,5600.0,,21000.0,978700.0,,,0
121,New Jersey,8.8,"5,885,472",,"515,138","6,821,880","283,673","231,465",2012,,Primary,,5044400.0,1078000.0,1616200.0,7500.0,768100.0,,168800.0,8685500.0,,,0
122,New Mexico,16.6,"1,443,135",,"239,753","1,589,265","146,823","92,930",2012,,Primary,,812200.0,34000.0,960400.0,178400.0,25900.0,,27500.0,2039200.0,,,0
124,South Dakota,15.0,"611,746","1,331","91,736","627,383","32,113","58,292",2012,,Primary,,672600.0,14900.0,22100.0,69900.0,7100.0,,13400.0,800400.0,,,0
125,Utah,14.3,"1,836,077",,"262,425","1,977,241",,"242,272",2012,,Primary,,2240100.0,25100.0,369300.0,23800.0,61900.0,23400.0,58300.0,2801700.0,,,0
126,Iowa,15.7,"2,286,197",,,"2,403,229","171,109","186,874",2016,"357,983",Caucus,,2623500.0,98700.0,171300.0,9000.0,73600.0,,50100.0,3030400.0,,,0
127,New Hampshire,52.4,"1,035,734",,,"1,070,657","254,776","287,683",2016,"542,459",Primary,,1175900.0,13600.0,44600.0,,32700.0,,23100.0,1291300.0,,,0
130,Nevada,8.2,"1,936,072",,,"2,248,402",,"75,216",2016,"159,216",Caucus,,1441300.0,241000.0,824500.0,25100.0,240000.0,18800.0,99800.0,2890400.0,,,0
131,South Carolina,30.5,"3,663,583",,,"3,837,705","373,063",,2016,"1,118,468",Primary,,3075500.0,1280800.0,263400.0,12000.0,73100.0,,98300.0,4805300.0,,,0
132,Alabama,35.0,"3,602,334",,,"3,764,601","399,899","860,652",2016,"1,260,551",Primary,,3121800.0,1252500.0,194500.0,21400.0,57600.0,,81100.0,4730100.0,,,0
134,Arkansas,30.2,"2,137,115",,,"2,281,940","221,020","410,920",2016,"644,523",Primary,,2114900.0,441600.0,210000.0,17300.0,39500.0,7700.0,64500.0,2895400.0,,,0
136,Georgia,29.9,"6,900,387",,,"7,781,773","765,366","1,295,963",2016,"2,061,329",Primary,,5339500.0,3083400.0,938100.0,16400.0,384500.0,5200.0,233900.0,10001000.0,,,0
137,Massachusetts,37.4,"4,966,742","1,681",,"5,442,265","1,220,296","637,703",2016,"1,859,680",Primary,,4771800.0,440400.0,750600.0,8600.0,415900.0,,181100.0,6570600.0,,,0
138,Minnesota,8.1,"3,967,061",,,"4,225,114","207,109","114,245",2016,"321,354",Caucus,1.0,4352400.0,305000.0,277200.0,54200.0,261800.0,,141700.0,5392900.0,,,1
140,Oklahoma,28.6,"2,781,841",,,"2,966,460","335,843","459,922",2016,"795,765",Primary,,2520400.0,260900.0,391400.0,275300.0,71800.0,7200.0,273800.0,3800800.0,,,0
141,Tennessee,25.3,"4,874,592",,,"5,134,596","377,222","855,729",2016,"1,232,951",Primary,,4814000.0,1058900.0,338100.0,14300.0,114200.0,,124000.0,6467700.0,,,0
142,Texas,24.7,"17,299,279",,,"20,534,676","1,435,895","2,836,488",2016,"4,272,383",Primary,,11555500.0,3124600.0,10671100.0,64000.0,1264500.0,17100.0,481600.0,27178300.0,,,0
143,Vermont,39.8,"495,563",,,"506,881","135,256","61,756",2016,"197,012",Primary,,560600.0,5000.0,11100.0,2900.0,6400.0,,13600.0,599600.0,,,0
144,Virginia,30.1,"6,022,089",,,"6,549,502","785,041","1,025,425",2016,"1,810,466",Primary,,5035700.0,1495100.0,732600.0,17600.0,519200.0,5500.0,275100.0,8080900.0,,,0
146,Kansas,5.5,"2,062,778",,,"2,199,237","40,000","73,116",2016,"113,116",Caucus,,2154300.0,157400.0,329400.0,17600.0,74800.0,,82200.0,2817000.0,,,1
148,Louisiana,18.2,"3,373,552",,,"3,569,063","311,776","301,241",2016,"613,017",Primary,,2689200.0,1440900.0,220700.0,24100.0,75800.0,,79000.0,4530500.0,,,0
151,Maine,6.1,"1,054,309",,,"1,074,172","46,000",,2016,"64,650",Caucus,,1210500.0,20000.0,19400.0,7100.0,15300.0,,21300.0,1293800.0,,,1
154,Michigan,34.1,"7,419,694",,,"7,734,729","1,205,552","1,323,589",2016,"2,529,141",Primary,,7330200.0,1304100.0,477300.0,40700.0,281500.0,,258100.0,9693500.0,,,0
155,Mississippi,29.5,"2,181,159",,,"2,267,268","227,164","416,252",2016,"643,416",Primary,,1651000.0,1085900.0,80500.0,12000.0,26400.0,,31400.0,2887300.0,,,0
157,Florida,28.2,"14,445,578",,,"16,383,763","1,709,183","2,361,805",2016,"4,070,988",Primary,,11017500.0,3050800.0,5045400.0,36300.0,539400.0,10400.0,444300.0,20144000.0,,,0
158,Illinois,38.9,"9,015,796",,,"9,907,466","2,056,047","1,449,748",2016,"3,505,795",Primary,,7719800.0,1715800.0,2139000.0,12800.0,660100.0,3400.0,240300.0,12491200.0,,,0
159,Missouri,34.8,"4,518,767","3,504",,"4,706,349","629,425","939,270",2016,"1,572,199",Primary,,4708400.0,666800.0,236700.0,24900.0,112300.0,7200.0,141700.0,5898000.0,,,0
160,North Carolina,31.6,"7,266,734","5,819",,"7,816,113","1,142,916","1,149,530",2016,"2,298,265",Primary,,6255500.0,2069000.0,905300.0,103800.0,267100.0,5500.0,223800.0,9829900.0,,,0
161,Ohio,37.5,"8,738,019","4,043",,"9,004,337","1,259,754","2,014,396",2016,"3,278,193",Primary,,8975800.0,1365400.0,402900.0,13100.0,225000.0,3200.0,293300.0,11278700.0,,,0
162,Arizona,23.5,"4,659,373",880,,"5,268,830","468,461","625,770",2016,"1,095,111",Primary,,3754900.0,270000.0,2087500.0,266700.0,213600.0,11600.0,156600.0,6760900.0,,,0
163,Idaho,21.9,"1,149,007",,,"1,234,566","23,884",,2016,"251,080",Caucus,1.0,1362500.0,8600.0,202200.0,18900.0,22700.0,,33300.0,1650700.0,,,1
164,Utah,14.3,"1,963,474",,,"2,113,180","81,606","200,000",2016,"281,606",Caucus,,2361900.0,29400.0,413000.0,22800.0,70500.0,28400.0,73200.0,2999300.0,,,0
165,Alaska,6.2,"520,731",,,"553,484","10,600",,2016,"32,530",Caucus,,439200.0,20700.0,47800.0,107200.0,42600.0,8800.0,48600.0,714900.0,,,0
166,Hawaii,4.6,"1,025,208",,,"1,127,205","33,716",,2016,"47,093",Caucus,,287900.0,17600.0,139800.0,,512600.0,129600.0,275000.0,1364600.0,,,1
168,Wisconsin,49.4,"4,282,271",,,"4,491,213","1,007,600","1,105,944",2016,"2,113,544",Primary,,4605200.0,334800.0,375000.0,45800.0,154200.0,,107000.0,5623300.0,,,0
170,New York,21.2,"13,638,797",,,"15,635,714","1,970,900","921,771",2016,"2,892,671",Primary,,10683700.0,2727900.0,3665200.0,38800.0,1627800.0,6800.0,471300.0,19221500.0,,,0
171,Connecticut,21.0,"2,579,776",,,"2,831,012","328,624","213,647",2016,"542,271",Primary,,2342200.0,340100.0,546300.0,4700.0,154900.0,,76700.0,3465100.0,,,0
172,Delaware,23.5,"695,642",,,"749,184","93,640","69,892",2016,"163,532",Primary,,581900.0,191300.0,85000.0,2900.0,37300.0,,25200.0,924300.0,,,0
173,Maryland,32.8,"4,190,917",,,"4,682,409","916,763","459,066",2016,"1,375,829",Primary,,3010100.0,1716500.0,575200.0,9300.0,366400.0,,176900.0,5856500.0,,,0
174,Pennsylvania,33.7,"9,721,843",,,"10,131,664","1,681,427","1,594,475",2016,"3,275,902",Primary,,9553800.0,1272900.0,866000.0,16600.0,404100.0,3300.0,248000.0,12364700.0,,,0
175,Rhode Island,23.6,"780,998",,,"847,454","122,458","61,614",2016,"184,072",Primary,,737600.0,56600.0,153300.0,2600.0,33500.0,,28700.0,1013900.0,,,0
176,Indiana,36.0,"4,855,984",,,"5,061,304","638,779","1,110,543",2016,"1,749,322",Primary,,5129200.0,582900.0,435200.0,13500.0,133600.0,,134200.0,6431400.0,,,0
177,Nebraska,17.2,"1,349,169",705,,"1,434,986","78,510","197,430",2016,"231,595",Primary,,1475200.0,81500.0,196000.0,12200.0,42300.0,,36700.0,1845000.0,,,1
178,West Virginia,31.1,"1,434,982",,,"1,459,826","242,539","204,061",2016,"446,600",Primary,,1646900.0,61100.0,24300.0,2400.0,13600.0,,33000.0,1781700.0,,,0
179,Kentucky,21.0,"3,265,260",,,"3,423,910","454,573",,2016,"684,240",Primary,,3652100.0,342700.0,144300.0,9300.0,60600.0,,77100.0,4287700.0,,,0
180,Oregon,36.0,"2,980,345","155,253",,"3,211,041","658,102","415,103",2016,"1,073,205",Primary,,3064300.0,69800.0,510400.0,37900.0,168000.0,14500.0,149600.0,4014500.0,,,0
181,Washington,16.0,"5,095,707",,,"5,641,592",,"587,152",2016,"817,152",Primary,,4949000.0,244000.0,885900.0,77300.0,577700.0,44800.0,345500.0,7124100.0,,,1
182,California,34.0,"25,126,973","93,119",,"30,367,243","5,173,338","2,227,306",2016,"8,548,301",Primary,,14418700.0,2066000.0,15009300.0,121600.0,5448900.0,129900.0,1248000.0,38442400.0,,,0
183,Montana,35.5,"798,787",,,"813,839","126,376","156,888",2016,"283,264",Primary,,879200.0,,35600.0,61700.0,8500.0,,27600.0,1015100.0,,,0
184,New Jersey,20.4,"6,060,729",,,"6,989,532","793,548","443,062",2016,"1,236,610",Primary,,4883400.0,1090900.0,1756100.0,8200.0,833200.0,,188200.0,8762700.0,,,0
185,New Mexico,22.6,"1,455,013",,,"1,592,398","216,705","104,627",2016,"328,792",Primary,,769600.0,33400.0,986700.0,174600.0,30200.0,,33500.0,2029400.0,,,0
186,North Dakota,0.7,"578,789",,,"594,043","4,000",,2016,"4,000",Caucus,,619700.0,18600.0,22500.0,41400.0,5900.0,,17100.0,725900.0,,,0
187,South Dakota,19.9,"634,281",,,"651,157","53,006","66,879",2016,"126,128",Primary,,691500.0,11200.0,30700.0,72900.0,12500.0,,17000.0,835800.0,,,0
188,District of Columbia,20.2,"510,895",,,"563,776","100,423",,2016,"103,262",Primary,,231400.0,301700.0,71600.0,,23800.0,,15000.0,644400.0,,,0
189,Iowa,9.1,"2,305,858",,,"2,433,266","176,352","32,389",2020,"208,741",Caucus,,2827889.0,109911.0,,11549.0,75083.0,3129.0,65770.0,3132499.0,,39168.0,0
190,New Hampshire,42.4,"1,077,914",,,"1,109,471","300,742","156,587",2020,"457,329",Primary,,1250014.0,20516.0,,2090.0,36124.0,359.0,27890.0,1343622.0,,6629.0,0
191,Nevada,4.9,"2,123,520",,,"2,415,267","104,883",,2020,"104,883",Caucus,,1935103.0,261123.0,,35845.0,234693.0,19352.0,140499.0,2922849.0,,296234.0,0
192,South Carolina,13.9,"3,896,958",,,"4,072,138","539,263",,2020,"540,062",Primary,,3332986.0,1339360.0,,16686.0,75084.0,3004.0,110208.0,4955925.0,,78597.0,0
193,Alabama,32.4,"3,673,641",,,"3,826,209","452,093","722,809",2020,"1,189,069",Primary,,3317453.0,1293186.0,,25576.0,64609.0,2182.0,91619.0,4864680.0,,70055.0,0
194,Arkansas,20.6,"2,178,962",,,"2,324,410","228,351","244,399",2020,"448,954",Primary,,2302874.0,460970.0,,20037.0,43988.0,7969.0,75852.0,2990671.0,,78981.0,0
195,California,37.1,"25,723,148","101,569",,"30,700,419","5,685,215","2,441,477",2020,"9,540,295",Primary,,23529068.0,2267875.0,,296475.0,5604339.0,153366.0,1882227.0,39148760.0,,5415410.0,0
196,Colorado,42.6,"4,242,194",,,"4,547,360","958,928","681,156",2020,"1,806,325",Primary,1.0,4655584.0,227938.0,,54483.0,172695.0,8296.0,197328.0,5531141.0,,214817.0,1
197,Maine,29.6,"1,080,561",,,"1,099,929","205,937","113,728",2020,"319,665",Primary,,1259217.0,17881.0,,8302.0,14917.0,318.0,29208.0,1332813.0,,2970.0,1
198,Massachusetts,33.7,"5,043,097","5,779",,"5,553,077","1,418,180","277,002",2020,"1,700,961",Primary,,5360006.0,510558.0,,14493.0,442574.0,2329.0,215493.0,6830193.0,,284740.0,0
199,Minnesota,21.7,"4,081,093",,,"4,357,606","744,198","140,555",2020,"884,753",Primary,1.0,4606044.0,342186.0,,58982.0,262359.0,2187.0,157767.0,5527358.0,,97833.0,1
200,North Carolina,28.1,"7,695,964","6,721",,"8,258,006","1,332,382","802,527",2020,"2,164,731",Primary,,6994240.0,2179622.0,,121352.0,282264.0,6939.0,263301.0,10155624.0,,307906.0,0
201,Oklahoma,21.2,"2,833,921",,,"3,018,262","304,281","295,601",2020,"599,882",Primary,,2837772.0,287959.0,,294676.0,83392.0,4471.0,303110.0,3918137.0,,106757.0,0
202,Tennessee,17.9,"5,090,236",,,"5,355,171","515,167","398,045",2020,"913,212",Primary,,5166231.0,1117489.0,,17848.0,112915.0,3806.0,142134.0,6651089.0,,90666.0,0
203,Texas,21.0,"18,474,747",,,"21,827,165","1,869,419","2,017,167",2020,"3,886,586",Primary,,20720689.0,3365783.0,,136061.0,1308257.0,23672.0,730499.0,27885195.0,,1600234.0,0
204,Utah,26.2,"2,155,622",,,"2,309,079","220,582","344,852",2020,"565,434",Primary,,2632056.0,35862.0,,32657.0,69810.0,27096.0,89879.0,3045350.0,,157990.0,0
205,Vermont,39.4,"500,210",,,"510,810","158,032","39,291",2020,"197,323",Primary,,589546.0,8058.0,,2106.0,10579.0,184.0,12078.0,624977.0,,2426.0,0
206,Virginia,21.4,"6,187,283",,,"6,701,056","1,323,509",,2020,"1,323,509",Primary,,5722660.0,1613285.0,,22972.0,531503.0,5677.0,309213.0,8413774.0,,208464.0,0
207,Idaho,18.0,"1,271,285",906,,"1,361,774","108,646","118,968",2020,"228,520",Primary,1.0,1527262.0,11536.0,,22790.0,23758.0,2761.0,46592.0,1687809.0,,53110.0,1
208,Michigan,30.8,"7,527,525",,,"7,856,894","1,588,113","683,708",2020,"2,321,480",Primary,,7818588.0,1375424.0,,53235.0,304403.0,2979.0,283718.0,9957488.0,,119141.0,0
209,Mississippi,23.7,"2,194,354",,,"2,278,489","274,391","245,381",2020,"519,772",Primary,,1751193.0,1125834.0,,13689.0,28313.0,707.0,40193.0,2988762.0,,28833.0,0
210,Missouri,21.2,"4,589,763","3,483",,"4,780,820","660,083","309,211",2020,"972,777",Primary,,5008342.0,704896.0,,26952.0,116720.0,6662.0,155328.0,6090062.0,,71162.0,0
211,North Dakota,2.6,"563,581",,,"583,251","14,405",,2020,"14,405",Primary,,655268.0,20445.0,,39462.0,10814.0,378.0,18306.0,752201.0,,7528.0,0
212,Washington,41.8,"5,399,721",,,"6,010,939","1,558,776","695,275",2020,"2,256,488",Primary,,5545997.0,269854.0,,95048.0,607429.0,48043.0,416795.0,7294336.0,,311170.0,1
214,Arizona,12.0,"5,114,877",,,"5,718,477","468,485",,2020,"613,355",Primary,,5364141.0,305259.0,,309580.0,228887.0,14112.0,252883.0,6946685.0,,471823.0,0
215,Florida,19.4,"15,395,887",,,"17,395,575","1,738,682","1,239,784",2020,"2,991,898",Primary,,15529098.0,3316376.0,,58118.0,559168.0,12887.0,542340.0,20598139.0,,580152.0,0
