,State,VEP_Counted,VEP,Minor,Cast,VAP,Democrat,Republican,Year,Counted,Type,Treatment,White,Black,Hispanic,American Indian/Alaska Native,Asian,Native Hawaiian/Other Pacific Islander,Two Or More Races,Total,Footnotes,OtherRace,Treatment2
9,Alabama,32.2,"3,379,070",,"1,088,835","3,523,994","536,626","552,209",2008,,Primary,,3108700,1169700,124800,22200,43900,,56600,4526900,,,3
89,Alabama,24.8,"3,506,778",,"871,025","3,701,519","205,767","621,916",2012,,Primary,,3145700,1220200,179400,23800,56700,,69100,4696000,,,3
132,Alabama,35,"3,602,334",,,"3,764,601","399,899","860,652",2016,"1,260,551",Primary,,3121800,1252500,194500,21400,57600,,81100,4730100,,,3
193,Alabama,32.4,"3,673,641",,,"3,826,209","452,093","722,809",2020,"1,189,069",Primary,,3317453,1293186,,25576,64609,2182,91619,4864680,,70055,3
10,Alaska,5,"475,224",,"23,621","505,524","8,621","15,000",2008,,Caucus,,433100,18700,34600,86900,30400,5600,45300,654700,,,NA
74,Alaska,2.8,"507,496",,"14,135","545,692",,"14,135",2012,,Caucus,,446300,23600,40300,100000,42000,6800,47200,706200,,,NA
165,Alaska,6.2,"520,731",,,"553,484","10,600",,2016,"32,530",Caucus,,439200,20700,47800,107200,42600,8800,48600,714900,,,NA
11,Arizona,24.2,"4,121,551",,"998,393","4,744,180","456,626","541,767",2008,,Primary,,3704300,214500,1922100,261200,148600,6300,106000,6363000,,,3
71,Arizona,11.9,"4,298,024",573,"511,812","4,895,942",,"511,239",2012,,Primary,,3651000,247400,1920600,253800,185200,8400,120000,6386300,,,3
162,Arizona,23.5,"4,659,373",880,,"5,268,830","468,461","625,770",2016,"1,095,111",Primary,,3754900,270000,2087500,266700,213600,11600,156600,6760900,,,3
214,Arizona,12,"5,114,877",,,"5,718,477","468,485",,2020,"613,355",Primary,,5364141,305259,,309580,228887,14112,252883,6946685,,471823,3
12,Arkansas,26.8,"2,029,675",838,"544,170","2,146,616","315,839","229,882",2008,,Primary,,2096900,422400,152500,15900,29100,1800,51200,2769700,,,3
116,Arkansas,15.9,"2,114,416",,"335,885","2,252,326","162,647","152,360",2012,,Primary,,2122600,438300,192100,13700,35800,5000,52800,2860200,,,3
134,Arkansas,30.2,"2,137,115",,,"2,281,940","221,020","410,920",2016,"644,523",Primary,,2114900,441600,210000,17300,39500,7700,64500,2895400,,,3
194,Arkansas,20.6,"2,178,962",,,"2,324,410","228,351","244,399",2020,"448,954",Primary,,2302874,460970,,20037,43988,7969,75852,2990671,,78981,3
13,California,40,"22,726,155","105,168","9,086,415","27,356,412","5,066,992","2,932,812",2008,,Primary,,15080500,2071300,13174300,150200,4396000,122600,887200,35882000,,,NA
119,California,22.9,"23,265,447","79,488","5,328,296","28,631,583","2,076,309","1,924,970",2012,,Primary,,14578700,2046600,14271100,139300,4969400,125200,1091100,37221500,,,NA
182,California,34,"25,126,973","93,119",,"30,367,243","5,173,338","2,227,306",2016,"8,548,301",Primary,,14418700,2066000,15009300,121600,5448900,129900,1248000,38442400,,,NA
195,California,37.1,"25,723,148","101,569",,"30,700,419","5,685,215","2,441,477",2020,"9,540,295",Primary,,23529068,2267875,,296475,5604339,153366,1882227,39148760,,5415410,NA
14,Colorado,5.4,"3,412,102",,"185,401","3,713,368","120,001","65,400",2008,,Caucus,1,3422900,160700,967900,30400,126000,4500,104400,4816700,,,1
68,Colorado,1.8,"3,603,764",,"66,027","3,926,310",,"66,027",2012,,Caucus,1,3517600,188200,1057400,26100,144000,4900,107600,5045900,,,1
196,Colorado,42.6,"4,242,194",,,"4,547,360","958,928","681,156",2020,"1,806,325",Primary,1,4655584,227938,,54483,172695,8296,197328,5531141,,214817,1
15,Connecticut,20.5,"2,467,974",,"507,166","2,689,915","355,561","151,605",2008,,Primary,,2498400,298400,410400,6000,113300,,56400,3383800,,,NA
105,Connecticut,2.3,"2,528,416",,"59,639","2,787,114",,"59,639",2012,,Primary,,2440900,327200,495900,5300,141500,,65900,3479300,,,NA
171,Connecticut,21,"2,579,776",,,"2,831,012","328,624","213,647",2016,"542,271",Primary,,2342200,340100,546300,4700,154900,,76700,3465100,,,NA
16,Delaware,23.8,"616,724",,"146,578","665,181","96,341","50,237",2008,,Primary,,571900,168500,60800,2800,24200,,16100,844200,,,NA
106,Delaware,4.3,"658,884",,"28,592","705,473",,"28,592",2012,,Primary,,572800,181900,77200,2000,29600,,24300,888000,,,NA
172,Delaware,23.5,"695,642",,,"749,184","93,640","69,892",2016,"163,532",Primary,,581900,191300,85000,2900,37300,,25200,924300,,,NA
38,District of Columbia,30.1,"435,511",530,"131,103","476,698","123,994","6,211",2008,,Primary,,176700,301800,48800,1700,17600,,11600,558900,,,NA
96,District of Columbia,13.7,"470,976",379,"64,349","519,004","58,714","5,256",2012,,Primary,,207600,293900,61500,1600,20000,,11400,596000,,,NA
188,District of Columbia,20.2,"510,895",,,"563,776","100,423",,2016,"103,262",Primary,,231400,301700,71600,,23800,,15000,644400,,,NA
7,Florida,34,"12,553,134",,"4,268,602","14,299,134","1,749,920","1,949,498",2008,,Primary,,10772300,2598100,3771200,35500,410100,6300,280600,17874300,,,3
65,Florida,12.8,"13,088,171",,"1,676,176","15,094,059",,"1,676,176",2012,,Primary,,10737900,2856600,4413400,39500,473900,10000,345600,18876900,,,3
157,Florida,28.2,"14,445,578",,,"16,383,763","1,709,183","2,361,805",2016,"4,070,988",Primary,,11017500,3050800,5045400,36300,539400,10400,444300,20144000,,,3
215,Florida,19.4,"15,395,887",,,"17,395,575","1,738,682","1,239,784",2020,"2,991,898",Primary,,15529098,3316376,,58118,559168,12887,542340,20598139,,580152,3
17,Georgia,32,"6,329,221",,"2,024,392","7,098,566","1,060,851","963,541",2008,,Primary,,5466500,2726500,761300,15000,267000,,136800,9376400,,,NA
75,Georgia,15.8,"6,570,595",,"1,038,824","7,376,260","139,273","901,470",2012,,Primary,,5320600,2897000,880600,17400,325300,,173800,9616400,,,NA
136,Georgia,29.9,"6,900,387",,,"7,781,773","765,366","1,295,963",2016,"2,061,329",Primary,,5339500,3083400,938100,16400,384500,5200,233900,10001000,,,NA
90,Hawaii,1,"978,968",,"10,228","1,084,589",,"10,228",2012,,Caucus,,288800,16500,123200,2300,516200,125600,257700,1330300,,,NA
166,Hawaii,4.6,"1,025,208",,,"1,127,205","33,716",,2016,"47,093",Caucus,,287900,17600,139800,,512600,129600,275000,1364600,,,NA
76,Idaho,4.1,"1,091,171",,"44,672","1,165,366",,"44,672",2012,,Caucus,1,1305400,6100,180000,14500,18900,,36200,1562500,,,1
163,Idaho,21.9,"1,149,007",,,"1,234,566","23,884",,2016,"251,080",Caucus,1,1362500,8600,202200,18900,22700,,33300,1650700,,,1
207,Idaho,18,"1,271,285",906,,"1,361,774","108,646","118,968",2020,"228,520",Primary,1,1527262,11536,,22790,23758,2761,46592,1687809,,53110,1
57,Idaho ,17.7,"1,033,390",,"182,627","1,114,053","42,802","168,372",2008,,Primary,,,,,,,,,,,,1
19,Illinois,33.8,"8,832,544","2,672","2,986,982","9,699,779","2,038,614","899,422",2008,,Primary,,8094900,1775900,1931100,13500,549700,,189600,12556000,,,3
94,Illinois,17.9,"8,853,948",,"929,031","9,817,603","652,717","933,454",2012,,Primary,,7915300,1750100,2067800,12500,590500,,227400,12567900,,,3
158,Illinois,38.9,"9,015,796",,,"9,907,466","2,056,047","1,449,748",2016,"3,505,795",Primary,,7719800,1715800,2139000,12800,660100,3400,240300,12491200,,,3
51,Indiana,37.3,"4,623,736",,"1,725,951","4,792,223","1,278,355","412,684",2008,,Primary,,5143900,515100,314100,12900,82900,,101900,6172900,,,NA
110,Indiana,20.2,"4,748,647",,"957,510","4,945,762","221,446","635,589",2012,,Primary,,5142300,561600,399200,11500,101900,,119700,6338800,,,NA
176,Indiana,36,"4,855,984",,,"5,061,304","638,779","1,110,543",2016,"1,749,322",Primary,,5129200,582900,435200,13500,133600,,134200,6431400,,,NA
0,Iowa,16.1,"2,196,724",,"354,696","2,284,730","236,000","118,696",2008,,Caucus,,2609000,77500,118700,4300,43700,,39000,2894000,,,3
61,Iowa,6.5,"2,250,423",,"146,354","2,347,573","25,000","121,354",2012,,Caucus,,2622600,84300,156000,4200,53500,2500,52900,2976000,,,3
126,Iowa,15.7,"2,286,197",,,"2,403,229","171,109","186,874",2016,"357,983",Caucus,,2623500,98700,171300,9000,73600,,50100,3030400,,,3
189,Iowa,9.1,"2,305,858",,,"2,433,266","176,352","32,389",2020,"208,741",Caucus,,2827889,109911,,11549,75083,3129,65770,3132499,,39168,3
33,Kansas,2.9,"1,971,844",,"56,521","2,090,119",,"19,432",2008,,Caucus,,2172500,140800,259600,15900,56000,,55200,2701400,,,NA
87,Kansas,1.5,"2,041,139",,"29,857","2,170,270",,"29,857",2012,,Caucus,,2167400,152100,306900,23900,66700,,69500,2787500,,,NA
146,Kansas,5.5,"2,062,778",,,"2,199,237","40,000","73,116",2016,"113,116",Caucus,,2154300,157400,329400,17600,74800,,82200,2817000,,,NA
55,Kentucky,29.2,"3,156,075",,"922,456","3,267,951","701,768","197,793",2008,,Primary,,3649900,296600,95900,5100,40600,,54800,4143600,,,NA
117,Kentucky,12.8,"3,242,289",,"415,337","3,378,854","206,218","176,160",2012,,Primary,,3653900,322500,127100,5900,53900,,69600,4235100,,,NA
179,Kentucky,21,"3,265,260",,,"3,423,910","454,573",,2016,"684,240",Primary,,3652100,342700,144300,9300,60600,,77100,4287700,,,NA
34,Louisiana,17.7,"3,083,603",,"545,515","3,235,413","384,346","161,169",2008,,Primary,,2658000,1335400,146100,21300,62200,,50200,4273800,,,NA
95,Louisiana,10.2,"3,304,711",,"337,011","3,499,821","150,601","186,410",2012,,Primary,,2678500,1414000,199900,20200,71400,,71400,4457000,,,NA
148,Louisiana,18.2,"3,373,552",,,"3,569,063","311,776","301,241",2016,"613,017",Primary,,2689200,1440900,220700,24100,75800,,79000,4530500,,,NA
37,Maine,4.9,"1,023,959",,"50,008","1,041,335","44,670",,2008,,Caucus,,1215200,9700,12000,6100,9200,,21500,1274100,,,1
67,Maine,0.6,"1,036,235",,"5,814","1,053,285",,"5,814",2012,,Caucus,,1218200,10300,18900,8200,12300,,24700,1292600,,,1
151,Maine,6.1,"1,054,309",,,"1,074,172","46,000",,2016,"64,650",Caucus,,1210500,20000,19400,7100,15300,,21300,1293800,,,1
197,Maine,29.6,"1,080,561",,,"1,099,929","205,937","113,728",2020,"319,665",Primary,,1259217,17881,,8302,14917,318,29208,1332813,,2970,1
39,Maryland,31.5,"3,887,403",,"1,224,318","4,274,714","878,174","320,989",2008,,Primary,,3143000,1555700,365200,11400,276100,,117700,5470000,,,NA
97,Maryland,14.7,"4,062,518",,"596,723","4,521,084","326,470","248,468",2012,,Primary,,3084300,1637300,498100,12700,330600,,156900,5722700,,,NA
173,Maryland,32.8,"4,190,917",,,"4,682,409","916,763","459,066",2016,"1,375,829",Primary,,3010100,1716500,575200,9300,366400,,176900,5856500,,,NA
21,Massachusetts,38.2,"4,624,671","2,445","1,768,206","5,033,718","1,263,764","501,997",2008,,Primary,,4932400,350600,536700,9800,302800,,132300,6265100,,,3
77,Massachusetts,11.2,"4,720,547","1,554","529,542","5,207,006","157,563","370,425",2012,,Primary,,4830400,405100,650300,8000,369400,,146100,6410600,,,3
137,Massachusetts,37.4,"4,966,742","1,681",,"5,442,265","1,220,296","637,703",2016,"1,859,680",Primary,,4771800,440400,750600,8600,415900,,181100,6570600,,,3
198,Massachusetts,33.7,"5,043,097","5,779",,"5,553,077","1,418,180","277,002",2020,"1,700,961",Primary,,5360006,510558,,14493,442574,2329,215493,6830193,,284740,3
3,Michigan,20,"7,304,120",,"1,463,567","7,627,954","594,398","869,169",2008,,Primary,,7594800,1317400,396100,45900,217500,2400,190400,9764400,,,3
72,Michigan,16.5,"7,241,314",,"1,191,386","7,547,125","194,887","996,499",2012,,Primary,,7383900,1330200,441400,44800,231000,,226800,9659300,,,3
154,Michigan,34.1,"7,419,694",,,"7,734,729","1,205,552","1,323,589",2016,"2,529,141",Primary,,7330200,1304100,477300,40700,281500,,258100,9693500,,,3
208,Michigan,30.8,"7,527,525",,,"7,856,894","1,588,113","683,708",2020,"2,321,480",Primary,,7818588,1375424,,53235,304403,2979,283718,9957488,,119141,3
22,Minnesota,7.4,"3,724,120",269,"277,163","3,962,872","214,066","62,828",2008,,Caucus,1,4326700,233700,212800,50000,176900,,84100,5084500,,,1
69,Minnesota,1.3,"3,837,237",,"48,916","4,075,214",,"48,916",2012,,Caucus,1,4332800,269200,257500,52800,220800,,119400,5256300,,,1
78,Minnesota,0.5,"3,839,640",,,"4,077,730","17,376",,2012,,Caucus,1,4332800,269200,257500,52800,220800,,119400,5256300,,,1
138,Minnesota,8.1,"3,967,061",,,"4,225,114","207,109","114,245",2016,"321,354",Caucus,1,4352400,305000,277200,54200,261800,,141700,5392900,,,1
199,Minnesota,21.7,"4,081,093",,,"4,357,606","744,198","140,555",2020,"884,753",Primary,1,4606044,342186,,58982,262359,2187,157767,5527358,,97833,1
49,Mississippi,27.5,"2,097,253",,"577,438","2,160,244","434,110","143,286",2008,,Primary,,1661000,1054600,51400,11800,22400,,25100,2826800,,,3
91,Mississippi,18.2,"2,153,040",,"289,935","2,241,703","97,304","293,787",2012,,Primary,,1669200,1082700,68500,11500,22500,,29600,2884500,,,3
155,Mississippi,29.5,"2,181,159",,,"2,267,268","227,164","416,252",2016,"643,416",Primary,,1651000,1085900,80500,12000,26400,,31400,2887300,,,3
209,Mississippi,23.7,"2,194,354",,,"2,278,489","274,391","245,381",2020,"519,772",Primary,,1751193,1125834,,13689,28313,707,40193,2988762,,28833,3
23,Missouri,33,"4,297,028","2,057","1,415,951","4,477,478","825,050","588,844",2008,,Primary,,4729200,618900,175800,18100,80300,,102300,5728200,,,3
159,Missouri,34.8,"4,518,767","3,504",,"4,706,349","629,425","939,270",2016,"1,572,199",Primary,,4708400,666800,236700,24900,112300,7200,141700,5898000,,,3
210,Missouri,21.2,"4,589,763","3,483",,"4,780,820","660,083","309,211",2020,"972,777",Primary,,5008342,704896,,26952,116720,6662,155328,6090062,,71162,3
70,Missouri ,7.4,"4,415,112","1,365","326,438","4,629,154","72,888","252,185",2012,,Primary,,,,,,,,,,,,3
58,Montana,38.7,"737,733",,"285,215","747,985","273,793","95,730",2008,,Primary,,824400,2900,29600,58000,4800,,18300,938500,,,NA
120,Montana,31.1,"767,519",,"238,771","778,794","88,202","140,457",2012,,Primary,,853800,,29600,66000,5600,,21000,978700,,,NA
183,Montana,35.5,"798,787",,,"813,839","126,376","156,888",2016,"283,264",Primary,,879200,,35600,61700,8500,,27600,1015100,,,NA
114,Nebraska,18.7,"1,331,291",175,"249,458","1,398,670","63,881","185,402",2012,,Primary,,1463200,80500,173800,13400,35500,,26900,1795100,,,NA
177,Nebraska,17.2,"1,349,169",705,,"1,434,986","78,510","197,430",2016,"231,595",Primary,,1475200,81500,196000,12200,42300,,36700,1845000,,,NA
53,Nebraska ,20.5,"1,270,460",152,"260,150","1,336,555","94,535","136,648",2008,,Primary,,,,,,,,,,,,NA
4,Nevada,9.7,"1,669,337",,"161,874","1,931,679","117,559","44,315",2008,,Caucus,,1447500,181000,664100,28400,153500,10900,71400,2556800,,,3
66,Nevada,1.9,"1,772,116",,"32,894","2,065,822",,"32,894",2012,,Caucus,,1434800,210500,741300,23800,202800,18100,79600,2710900,,,3
130,Nevada,8.2,"1,936,072",,,"2,248,402",,"75,216",2016,"159,216",Caucus,,1441300,241000,824500,25100,240000,18800,99800,2890400,,,3
191,Nevada,4.9,"2,123,520",,,"2,415,267","104,883",,2020,"104,883",Caucus,,1935103,261123,,35845,234693,19352,140499,2922849,,296234,3
2,New Hampshire,53.6,"988,708",,"529,711","1,021,849","288,672","241,039",2008,,Primary,,1185300,8000,37700,,26100,,15600,1275300,,,3
62,New Hampshire,31.1,"1,001,914",,"311,311","1,034,045","61,777","249,534",2012,,Primary,,1176100,13500,38600,3200,27900,,20900,1280100,,,3
127,New Hampshire,52.4,"1,035,734",,,"1,070,657","254,776","287,683",2016,"542,459",Primary,,1175900,13600,44600,,32700,,23100,1291300,,,3
190,New Hampshire,42.4,"1,077,914",,,"1,109,471","300,742","156,587",2020,"457,329",Primary,,1250014,20516,,2090,36124,359,27890,1343622,,6629,3
25,New Jersey,29.2,"5,850,338",,"1,707,400","6,642,923","1,141,199","566,201",2008,,Primary,,5240200,1085700,1399200,10200,633500,,125100,8494600,,,NA
121,New Jersey,8.8,"5,885,472",,"515,138","6,821,880","283,673","231,465",2012,,Primary,,5044400,1078000,1616200,7500,768100,,168800,8685500,,,NA
184,New Jersey,20.4,"6,060,729",,,"6,989,532","793,548","443,062",2016,"1,236,610",Primary,,4883400,1090900,1756100,8200,833200,,188200,8762700,,,NA
59,New Mexico,19.3,"1,371,818",,"264,238","1,492,570",,"110,939",2008,,Primary,,803100,36000,876200,162700,24700,,30800,1934000,,,NA
122,New Mexico,16.6,"1,443,135",,"239,753","1,589,265","146,823","92,930",2012,,Primary,,812200,34000,960400,178400,25900,,27500,2039200,,,NA
185,New Mexico,22.6,"1,455,013",,,"1,592,398","216,705","104,627",2016,"328,792",Primary,,769600,33400,986700,174600,30200,,33500,2029400,,,NA
27,New York,19.5,"13,166,835",,"2,561,221","14,924,774","1,891,143","670,078",2008,,Primary,,11360200,2748600,3154900,50500,1299800,6100,323800,18944000,,,NA
107,New York,1.4,"13,211,191",,,"15,214,317",,"190,515",2012,,Primary,,10922400,2719700,3476600,42600,1456800,,413700,19040100,,,NA
170,New York,21.2,"13,638,797",,,"15,635,714","1,970,900","921,771",2016,"2,892,671",Primary,,10683700,2727900,3665200,38800,1627800,6800,471300,19221500,,,NA
52,North Carolina,32.8,"6,488,268",,"2,125,215","6,957,520","1,580,726","517,583",2008,,Primary,,5975700,1853900,657500,87100,166600,2700,142700,8886300,,,0
111,North Carolina,31.5,"6,923,832","7,692","2,182,675","7,457,823","966,887","973,206",2012,,Primary,,6107600,1992500,818900,98300,219500,6400,196000,9439200,,,0
160,North Carolina,31.6,"7,266,734","5,819",,"7,816,113","1,142,916","1,149,530",2016,"2,298,265",Primary,,6255500,2069000,905300,103800,267100,5500,223800,9829900,,,0
200,North Carolina,28.1,"7,695,964","6,721",,"8,258,006","1,332,382","802,527",2020,"2,164,731",Primary,,6994240,2179622,,121352,282264,6939,263301,10155624,,307906,0
28,North Dakota,5.9,"489,003",,"28,887","498,641","19,102","9,785",2008,,Caucus,,550200,4200,12600,33000,,,6900,610300,,,0
79,North Dakota,2.2,"524,296",,"11,349","534,626",,"11,349",2012,,Caucus,,593700,10800,14700,34200,7200,,8700,671900,,,0
186,North Dakota,0.7,"578,789",,,"594,043","4,000",,2016,"4,000",Caucus,,619700,18600,22500,41400,5900,,17100,725900,,,0
211,North Dakota,2.6,"563,581",,,"583,251","14,405",,2020,"14,405",Primary,,655268,20445,,39462,10814,378,18306,752201,,7528,0
44,Ohio,42.4,"8,502,366",,"3,603,523","8,732,630","2,354,721","1,095,917",2008,,Primary,,9210900,1276300,285400,19500,176500,,188100,11157500,,,NA
80,Ohio,20.4,"8,593,587",,"1,755,965","8,854,904","542,086","1,213,879",2012,,Primary,,9073800,1333600,359300,19500,190000,3700,242100,11222100,,,NA
161,Ohio,37.5,"8,738,019","4,043",,"9,004,337","1,259,754","2,014,396",2016,"3,278,193",Primary,,8975800,1365400,402900,13100,225000,3200,293300,11278700,,,NA
29,Oklahoma,29.1,"2,584,090",,"752,261","2,735,269","417,207","335,054",2008,,Primary,,2507300,238200,267200,214200,59200,3800,219000,3508800,,,3
81,Oklahoma,14.7,"2,723,104",,"399,294","2,895,300","112,771","286,523",2012,,Primary,,2510800,253500,346000,272100,65800,3200,238000,3689500,,,3
140,Oklahoma,28.6,"2,781,841",,,"2,966,460","335,843","459,922",2016,"795,765",Primary,,2520400,260900,391400,275300,71800,7200,273800,3800800,,,3
201,Oklahoma,21.2,"2,833,921",,,"3,018,262","304,281","295,601",2020,"599,882",Primary,,2837772,287959,,294676,83392,4471,303110,3918137,,106757,3
56,Oregon,43.2,"2,711,305",,"1,170,526","2,927,075","641,499","353,476",2008,,Primary,,2963100,63000,408300,34800,124100,8400,110200,3711900,,,NA
115,Oregon,21.9,"2,802,257",,"614,311","3,028,846","326,356","287,955",2012,,Primary,,2975500,62700,464200,39800,144200,15300,123800,3825500,,,NA
180,Oregon,36,"2,980,345","155,253",,"3,211,041","658,102","415,103",2016,"1,073,205",Primary,,3064300,69800,510400,37900,168000,14500,149600,4014500,,,NA
50,Pennsylvania,34,"9,360,067",,"3,183,134","9,683,978","2,354,005","829,129",2008,,Primary,,9799700,1176300,566700,13100,286700,,157100,12002700,,,NA
108,Pennsylvania,14.8,"9,624,165",,"1,424,217","10,007,504","616,102","808,115",2012,,Primary,,9760800,1262300,750700,13000,349500,,209400,12347600,,,NA
174,Pennsylvania,33.7,"9,721,843",,,"10,131,664","1,681,427","1,594,475",2016,"3,275,902",Primary,,9553800,1272900,866000,16600,404100,3300,248000,12364700,,,NA
45,Rhode Island,28.4,"759,793",,"215,868","824,580","186,657","27,237",2008,,Primary,,793100,47200,115500,3200,29100,,21000,1009400,,,NA
109,Rhode Island,3,"765,324",,"22,670","833,091","8,106","14,564",2012,,Primary,,759200,48300,135700,2700,30800,,31100,1007900,,,NA
175,Rhode Island,23.6,"780,998",,,"847,454","122,458","61,614",2016,"184,072",Primary,,737600,56600,153300,2600,33500,,28700,1013900,,,NA
6,South Carolina,30.3,"3,230,163",,"977,650","3,380,941","532,151",,2008,,Primary,,2819300,1205500,167900,9600,45400,,69400,4318400,,,3
131,South Carolina,30.5,"3,663,583",,,"3,837,705","373,063",,2016,"1,118,468",Primary,,3075500,1280800,263400,12000,73100,,98300,4805300,,,3
192,South Carolina,13.9,"3,896,958",,,"4,072,138","539,263",,2020,"540,062",Primary,,3332986,1339360,,16686,75084,3004,110208,4955925,,78597,3
63,South Carolina ,17.6,"3,434,551",,"605,623","3,621,841",,"603,770",2012,,Primary,,,,,,,,,,,,3
60,South Dakota,28.4,"593,121",,"168,340","605,821","97,797","60,964",2008,,Primary,,662700,6700,21300,59300,5000,,14900,769900,,,3
124,South Dakota,15,"611,746","1,331","91,736","627,383","32,113","58,292",2012,,Primary,,672600,14900,22100,69900,7100,,13400,800400,,,3
187,South Dakota,19.9,"634,281",,,"651,157","53,006","66,879",2016,"126,128",Primary,,691500,11200,30700,72900,12500,,17000,835800,,,3
30,Tennessee,26.1,"4,522,727",,"1,178,579","4,727,718","624,764","553,815",2008,,Primary,,4662800,970400,228400,13600,77300,,89100,6045200,,,3
82,Tennessee,13.4,"4,682,042",,"627,228","4,939,973","79,577","547,561",2012,,Primary,,4728400,1037000,298900,11900,92000,2600,106800,6277400,,,3
141,Tennessee,25.3,"4,874,592",,,"5,134,596","377,222","855,729",2016,"1,232,951",Primary,,4814000,1058900,338100,14300,114200,,124000,6467700,,,3
202,Tennessee,17.9,"5,090,236",,,"5,355,171","515,167","398,045",2020,"913,212",Primary,,5166231,1117489,,17848,112915,3806,142134,6651089,,90666,3
46,Texas,28.4,"14,942,119",,"4,237,308","17,523,049","2,874,986","1,362,322",2008,,Primary,,11213000,2591500,8626100,68800,819300,16000,308200,23643000,,,3
118,Texas,12.8,"15,915,758",,"2,039,641","18,989,257","590,164","1,449,477",2012,,Primary,,11265800,2874000,9756900,58600,1027500,16300,385300,25384300,,,3
142,Texas,24.7,"17,299,279",,,"20,534,676","1,435,895","2,836,488",2016,"4,272,383",Primary,,11555500,3124600,10671100,64000,1264500,17100,481600,27178300,,,3
203,Texas,21,"18,474,747",,,"21,827,165","1,869,419","2,017,167",2020,"3,886,586",Primary,,20720689,3365783,,136061,1308257,23672,730499,27885195,,1600234,3
31,Utah,24.7,"1,731,819",,"428,459","1,855,254","131,403","296,061",2008,,Primary,,2202100,25800,317800,24900,51600,21500,43000,2686800,,,3
125,Utah,14.3,"1,836,077",,"262,425","1,977,241",,"242,272",2012,,Primary,,2240100,25100,369300,23800,61900,23400,58300,2801700,,,3
164,Utah,14.3,"1,963,474",,,"2,113,180","81,606","200,000",2016,"281,606",Caucus,,2361900,29400,413000,22800,70500,28400,73200,2999300,,,3
204,Utah,26.2,"2,155,622",,,"2,309,079","220,582","344,852",2020,"565,434",Primary,,2632056,35862,,32657,69810,27096,89879,3045350,,157990,3
47,Vermont,40.7,"483,489",462,"196,715","491,902","155,279","40,120",2008,,Primary,,569600,3400,6200,,,,13100,599100,,,3
83,Vermont,21.1,"489,108",,"103,264","498,432","40,992","60,850",2012,,Primary,,566700,5600,8300,,9100,,9000,600700,,,3
143,Vermont,39.8,"495,563",,,"506,881","135,256","61,756",2016,"197,012",Primary,,560600,5000,11100,2900,6400,,13600,599600,,,3
205,Vermont,39.4,"500,210",,,"510,810","158,032","39,291",2020,"197,323",Primary,,589546,8058,,2106,10579,184,12078,624977,,2426,3
40,Virginia,26.9,"5,487,966",,"1,475,455","5,924,917","986,203","489,252",2008,,Primary,,4973600,1413300,504200,17700,361600,3900,144200,7418400,,,3
84,Virginia,4.6,"5,763,308",,"265,570","6,316,136",,"265,570",2012,,Primary,,5047300,1470000,658500,14500,463400,4000,207900,7865500,,,3
144,Virginia,30.1,"6,022,089",,,"6,549,502","785,041","1,025,425",2016,"1,810,466",Primary,,5035700,1495100,732600,17600,519200,5500,275100,8080900,,,3
206,Virginia,21.4,"6,187,283",,,"6,701,056","1,323,509",,2020,"1,323,509",Primary,,5722660,1613285,,22972,531503,5677,309213,8413774,,208464,3
73,Washington,1.1,"4,804,839",,"50,764","5,274,878",,"50,764",2012,,Caucus,,4827200,231100,787000,77900,487500,37300,285000,6732900,,,3
181,Washington,16,"5,095,707",,,"5,641,592",,"587,152",2016,"817,152",Primary,,4949000,244000,885900,77300,577700,44800,345500,7124100,,,3
212,Washington,41.8,"5,399,721",,,"6,010,939","1,558,776","695,275",2020,"2,256,488",Primary,,5545997,269854,,95048,607429,48043,416795,7294336,,311170,3
42,Washington ,30.6,"4,525,823",,"1,386,701","4,980,527","691,381","529,932",2008,,Primary,,,,,,,,,,,,3
54,West Virginia,32.5,"1,408,281",,"457,382","1,428,326","456,282",,2008,,Primary,,1654600,55000,20100,2400,8100,,24700,1765200,,,NA
112,West Virginia,20.2,"1,453,549",,"293,519","1,479,209","179,908","112,416",2012,,Primary,,1680700,55200,21500,,11100,,31100,1801800,,,NA
178,West Virginia,31.1,"1,434,982",,,"1,459,826","242,539","204,061",2016,"446,600",Primary,,1646900,61100,24300,2400,13600,,33000,1781700,,,NA
43,Wisconsin,37.1,"4,105,710",,"1,524,360","4,300,601","1,113,753","410,607",2008,,Primary,,4658700,295500,277500,37000,117700,,80500,5467500,,,NA
98,Wisconsin,25.9,"4,202,090",,"1,088,102","4,393,518","300,255","787,847",2012,,Primary,,4625000,322100,343400,46400,135700,,93100,5566100,,,NA
168,Wisconsin,49.4,"4,282,271",,,"4,491,213","1,007,600","1,105,944",2016,"2,113,544",Primary,,4605200,334800,375000,45800,154200,,107000,5623300,,,NA
48,Wyoming,2.6,"388,310",,"9,953","402,586","8,753",,2008,,Caucus,,446500,4500,41600,8900,2900,,11700,516100,,,NA
85,Wyoming,0.3,"420,205",,"1,308","433,545",,"1,308",2012,,Caucus,,474000,4300,53100,9300,5200,,13000,559000,,,NA